,CBScode,Perioden,"  HIC: Theft / burglary dwelling, complete","  HIC: Theft / burglary dwelling, attempts",HIC: Violent Crime,HIC: Street Roof,HIC: Robberies,Undermining public order,Threat,Fire / Explosion,"Theft of moped, moped, bike",Theft of / from vehicles,Theft of motor vehicles,Theft / burglary companies / institutions,Theft / burglary garage / barn / shed,Drug trafficking,Trespassing,mistreatment,Overt violence (person),Or destruction. cause damage,Arms Trade,pickpocketing,morals Felony
0,GM0003,2016JJ00,24.0,12.0,67.0,0.0,1.0,3.0,27.0,0.0,27.0,11.0,5.0,56.0,6.0,2.0,0.0,40.0,0.0,54.0,1.0,3.0,3.0
1,GM0005,2016JJ00,10.0,2.0,19.0,0.0,0.0,0.0,5.0,1.0,14.0,2.0,0.0,2.0,3.0,1.0,0.0,14.0,0.0,44.0,0.0,1.0,6.0
2,GM0007,2016JJ00,13.0,4.0,30.0,0.0,0.0,3.0,12.0,3.0,5.0,4.0,0.0,3.0,8.0,2.0,1.0,18.0,0.0,35.0,1.0,0.0,0.0
3,GM0009,2016JJ00,7.0,0.0,9.0,0.0,0.0,0.0,4.0,0.0,11.0,2.0,0.0,12.0,2.0,0.0,0.0,5.0,0.0,24.0,0.0,1.0,0.0
4,GM0010,2016JJ00,49.0,27.0,158.0,1.0,1.0,6.0,49.0,9.0,103.0,35.0,8.0,45.0,15.0,9.0,4.0,100.0,9.0,151.0,7.0,9.0,18.0
5,GM0014,2016JJ00,696.0,181.0,1454.0,46.0,16.0,74.0,502.0,52.0,3761.0,920.0,106.0,491.0,253.0,184.0,59.0,906.0,46.0,1506.0,50.0,574.0,171.0
6,GM0015,2016JJ00,12.0,2.0,18.0,0.0,0.0,0.0,4.0,3.0,8.0,9.0,0.0,10.0,5.0,3.0,0.0,12.0,2.0,34.0,0.0,0.0,2.0
7,GM0017,2016JJ00,63.0,20.0,42.0,1.0,0.0,1.0,24.0,3.0,79.0,45.0,4.0,32.0,11.0,4.0,2.0,18.0,0.0,70.0,1.0,8.0,5.0
8,GM0018,2016JJ00,72.0,21.0,163.0,1.0,3.0,4.0,63.0,6.0,180.0,29.0,7.0,44.0,39.0,22.0,0.0,98.0,2.0,220.0,3.0,9.0,30.0
9,GM0022,2016JJ00,33.0,5.0,41.0,0.0,2.0,0.0,15.0,3.0,49.0,34.0,3.0,22.0,9.0,10.0,2.0,23.0,3.0,91.0,2.0,5.0,11.0
10,GM0024,2016JJ00,7.0,0.0,25.0,0.0,0.0,1.0,8.0,2.0,21.0,2.0,0.0,5.0,4.0,2.0,1.0,17.0,0.0,35.0,1.0,1.0,0.0
11,GM0025,2016JJ00,24.0,3.0,32.0,0.0,0.0,2.0,5.0,0.0,9.0,11.0,1.0,16.0,6.0,4.0,0.0,26.0,1.0,40.0,1.0,1.0,4.0
12,GM0034,2016JJ00,555.0,346.0,1256.0,95.0,15.0,90.0,447.0,49.0,1030.0,650.0,138.0,304.0,116.0,274.0,24.0,758.0,51.0,1209.0,66.0,186.0,75.0
13,GM0037,2016JJ00,59.0,7.0,142.0,0.0,1.0,0.0,44.0,8.0,137.0,23.0,11.0,23.0,30.0,16.0,2.0,94.0,4.0,140.0,3.0,11.0,20.0
14,GM0040,2016JJ00,27.0,5.0,38.0,0.0,0.0,3.0,15.0,0.0,10.0,13.0,3.0,12.0,8.0,4.0,0.0,23.0,0.0,53.0,0.0,2.0,4.0
15,GM0047,2016JJ00,44.0,26.0,182.0,1.0,0.0,4.0,72.0,8.0,74.0,40.0,5.0,29.0,17.0,24.0,1.0,107.0,3.0,164.0,4.0,5.0,16.0
16,GM0048,2016JJ00,37.0,19.0,112.0,2.0,2.0,2.0,60.0,2.0,36.0,26.0,2.0,22.0,16.0,8.0,7.0,47.0,5.0,98.0,5.0,6.0,19.0
17,GM0050,2016JJ00,39.0,13.0,76.0,1.0,0.0,7.0,26.0,3.0,93.0,46.0,8.0,31.0,13.0,29.0,4.0,49.0,1.0,119.0,3.0,8.0,7.0
18,GM0051,2016JJ00,0.0,0.0,0.0,0.0,0.0,0.0,0.0,0.0,0.0,0.0,0.0,0.0,0.0,0.0,0.0,0.0,0.0,0.0,0.0,0.0,0.0
19,GM0053,2016JJ00,7.0,6.0,27.0,0.0,0.0,2.0,12.0,0.0,17.0,6.0,0.0,8.0,4.0,1.0,0.0,15.0,0.0,54.0,0.0,2.0,3.0
20,GM0055,2016JJ00,0.0,0.0,0.0,0.0,0.0,0.0,0.0,0.0,0.0,0.0,0.0,0.0,0.0,0.0,0.0,0.0,0.0,0.0,0.0,0.0,0.0
21,GM0056,2016JJ00,17.0,5.0,28.0,0.0,0.0,0.0,14.0,0.0,30.0,9.0,1.0,16.0,8.0,5.0,1.0,13.0,1.0,48.0,0.0,1.0,3.0
22,GM0058,2016JJ00,15.0,7.0,78.0,0.0,0.0,1.0,35.0,1.0,54.0,10.0,2.0,20.0,0.0,14.0,2.0,43.0,0.0,87.0,2.0,1.0,12.0
23,GM0059,2016JJ00,27.0,2.0,99.0,0.0,0.0,6.0,31.0,4.0,43.0,21.0,2.0,48.0,5.0,21.0,0.0,66.0,2.0,114.0,3.0,3.0,8.0
24,GM0060,2016JJ00,3.0,0.0,17.0,0.0,0.0,0.0,4.0,2.0,8.0,7.0,0.0,0.0,1.0,3.0,0.0,13.0,0.0,30.0,0.0,2.0,3.0
25,GM0063,2016JJ00,13.0,4.0,30.0,0.0,0.0,1.0,11.0,1.0,26.0,16.0,1.0,11.0,10.0,1.0,0.0,19.0,0.0,35.0,0.0,0.0,6.0
26,GM0070,2016JJ00,25.0,9.0,71.0,0.0,0.0,3.0,30.0,9.0,48.0,22.0,2.0,13.0,5.0,4.0,1.0,40.0,1.0,117.0,3.0,2.0,16.0
27,GM0072,2016JJ00,20.0,5.0,75.0,0.0,1.0,2.0,29.0,7.0,54.0,20.0,1.0,19.0,9.0,17.0,0.0,45.0,1.0,93.0,3.0,5.0,5.0
28,GM0074,2016JJ00,89.0,23.0,194.0,2.0,2.0,9.0,60.0,5.0,201.0,83.0,22.0,49.0,25.0,16.0,0.0,129.0,5.0,220.0,10.0,21.0,23.0
29,GM0079,2016JJ00,1.0,2.0,31.0,0.0,2.0,1.0,10.0,0.0,7.0,1.0,2.0,6.0,2.0,5.0,0.0,20.0,1.0,47.0,1.0,0.0,4.0
30,GM0080,2016JJ00,418.0,187.0,675.0,21.0,5.0,116.0,252.0,34.0,1189.0,223.0,37.0,257.0,143.0,61.0,69.0,397.0,26.0,752.0,36.0,83.0,87.0
31,GM0081,2016JJ00,17.0,8.0,11.0,0.0,0.0,0.0,0.0,0.0,9.0,7.0,3.0,6.0,4.0,1.0,0.0,11.0,0.0,29.0,0.0,1.0,1.0
32,GM0082,2016JJ00,0.0,0.0,0.0,0.0,0.0,0.0,0.0,0.0,0.0,0.0,0.0,0.0,0.0,0.0,0.0,0.0,0.0,0.0,0.0,0.0,0.0
33,GM0085,2016JJ00,42.0,8.0,87.0,0.0,0.0,1.0,39.0,5.0,33.0,16.0,4.0,25.0,28.0,8.0,0.0,46.0,2.0,105.0,0.0,10.0,13.0
34,GM0086,2016JJ00,52.0,18.0,72.0,1.0,0.0,2.0,29.0,3.0,60.0,37.0,3.0,26.0,21.0,10.0,4.0,43.0,0.0,110.0,0.0,1.0,4.0
35,GM0088,2016JJ00,0.0,0.0,0.0,0.0,0.0,1.0,0.0,0.0,2.0,0.0,0.0,3.0,0.0,1.0,0.0,0.0,0.0,4.0,0.0,0.0,0.0
36,GM0090,2016JJ00,61.0,32.0,221.0,1.0,1.0,16.0,72.0,18.0,263.0,85.0,13.0,64.0,41.0,67.0,6.0,144.0,5.0,312.0,11.0,25.0,26.0
37,GM0093,2016JJ00,4.0,1.0,16.0,0.0,0.0,0.0,2.0,0.0,16.0,1.0,1.0,3.0,1.0,2.0,0.0,14.0,0.0,37.0,0.0,6.0,1.0
38,GM0096,2016JJ00,2.0,0.0,2.0,0.0,0.0,1.0,1.0,0.0,2.0,0.0,1.0,2.0,0.0,1.0,2.0,1.0,0.0,12.0,1.0,2.0,0.0
39,GM0098,2016JJ00,52.0,11.0,100.0,0.0,1.0,7.0,39.0,2.0,37.0,49.0,9.0,24.0,20.0,5.0,1.0,57.0,4.0,98.0,3.0,4.0,7.0
40,GM0106,2016JJ00,124.0,51.0,385.0,12.0,0.0,29.0,135.0,33.0,612.0,124.0,20.0,72.0,63.0,50.0,18.0,223.0,27.0,465.0,16.0,46.0,39.0
41,GM0109,2016JJ00,80.0,18.0,136.0,2.0,1.0,4.0,51.0,8.0,85.0,60.0,19.0,54.0,39.0,12.0,1.0,81.0,4.0,161.0,12.0,10.0,11.0
42,GM0114,2016JJ00,225.0,60.0,588.0,9.0,1.0,16.0,203.0,37.0,485.0,202.0,29.0,181.0,135.0,51.0,9.0,362.0,23.0,561.0,21.0,35.0,46.0
43,GM0118,2016JJ00,94.0,42.0,201.0,1.0,2.0,8.0,63.0,20.0,267.0,135.0,23.0,70.0,66.0,28.0,6.0,134.0,4.0,381.0,16.0,14.0,32.0
44,GM0119,2016JJ00,39.0,16.0,113.0,0.0,2.0,14.0,32.0,5.0,141.0,90.0,13.0,34.0,25.0,22.0,0.0,74.0,7.0,164.0,4.0,16.0,15.0
45,GM0140,2016JJ00,17.0,0.0,24.0,0.0,0.0,0.0,7.0,1.0,8.0,7.0,0.0,6.0,3.0,2.0,0.0,17.0,0.0,18.0,0.0,1.0,2.0
46,GM0141,2016JJ00,215.0,44.0,467.0,12.0,6.0,26.0,195.0,25.0,636.0,125.0,21.0,79.0,98.0,42.0,15.0,255.0,17.0,516.0,21.0,36.0,26.0
47,GM0147,2016JJ00,34.0,15.0,48.0,0.0,2.0,1.0,26.0,2.0,58.0,21.0,2.0,17.0,16.0,8.0,0.0,21.0,1.0,91.0,5.0,6.0,4.0
48,GM0148,2016JJ00,31.0,20.0,22.0,2.0,0.0,0.0,14.0,1.0,22.0,23.0,9.0,13.0,16.0,3.0,1.0,8.0,0.0,46.0,1.0,2.0,5.0
49,GM0150,2016JJ00,259.0,128.0,544.0,7.0,6.0,25.0,210.0,57.0,696.0,406.0,35.0,128.0,95.0,66.0,32.0,319.0,15.0,570.0,33.0,78.0,57.0
50,GM0153,2016JJ00,607.0,176.0,834.0,17.0,23.0,60.0,318.0,75.0,2366.0,561.0,67.0,295.0,262.0,157.0,21.0,471.0,45.0,1115.0,104.0,130.0,74.0
51,GM0158,2016JJ00,32.0,4.0,52.0,0.0,0.0,1.0,25.0,2.0,67.0,39.0,3.0,27.0,21.0,8.0,0.0,26.0,1.0,58.0,2.0,7.0,5.0
52,GM0160,2016JJ00,91.0,29.0,140.0,0.0,0.0,5.0,49.0,12.0,205.0,86.0,3.0,49.0,64.0,18.0,6.0,90.0,1.0,238.0,15.0,10.0,10.0
53,GM0163,2016JJ00,35.0,17.0,51.0,0.0,0.0,0.0,16.0,4.0,68.0,29.0,2.0,30.0,18.0,5.0,2.0,32.0,3.0,96.0,3.0,4.0,10.0
54,GM0164,2016JJ00,239.0,66.0,371.0,6.0,3.0,14.0,138.0,29.0,848.0,184.0,33.0,160.0,196.0,51.0,9.0,213.0,20.0,395.0,26.0,44.0,27.0
55,GM0166,2016JJ00,39.0,16.0,187.0,1.0,0.0,15.0,64.0,7.0,401.0,45.0,14.0,37.0,30.0,11.0,3.0,121.0,2.0,169.0,8.0,16.0,25.0
56,GM0168,2016JJ00,39.0,12.0,50.0,0.0,1.0,4.0,18.0,8.0,52.0,27.0,5.0,18.0,9.0,10.0,0.0,32.0,0.0,76.0,5.0,3.0,6.0
57,GM0171,2016JJ00,108.0,41.0,145.0,1.0,0.0,4.0,42.0,12.0,174.0,94.0,10.0,42.0,24.0,23.0,3.0,98.0,5.0,236.0,6.0,16.0,13.0
58,GM0173,2016JJ00,41.0,15.0,60.0,0.0,0.0,1.0,25.0,7.0,214.0,60.0,4.0,59.0,60.0,22.0,1.0,33.0,2.0,124.0,10.0,3.0,4.0
59,GM0175,2016JJ00,31.0,13.0,55.0,0.0,0.0,1.0,16.0,8.0,60.0,29.0,12.0,12.0,8.0,5.0,2.0,35.0,4.0,119.0,4.0,12.0,10.0
60,GM0177,2016JJ00,41.0,9.0,79.0,4.0,2.0,4.0,29.0,2.0,88.0,37.0,5.0,43.0,18.0,8.0,1.0,48.0,2.0,106.0,2.0,9.0,14.0
61,GM0180,2016JJ00,17.0,8.0,23.0,0.0,0.0,1.0,10.0,3.0,12.0,26.0,6.0,6.0,28.0,9.0,0.0,12.0,1.0,23.0,2.0,1.0,5.0
62,GM0183,2016JJ00,25.0,4.0,20.0,0.0,0.0,0.0,4.0,3.0,29.0,8.0,1.0,9.0,7.0,6.0,1.0,14.0,2.0,23.0,6.0,0.0,4.0
63,GM0184,2016JJ00,19.0,4.0,28.0,0.0,0.0,1.0,6.0,8.0,56.0,10.0,0.0,17.0,5.0,2.0,0.0,16.0,6.0,99.0,0.0,1.0,4.0
64,GM0189,2016JJ00,27.0,6.0,38.0,0.0,3.0,1.0,22.0,1.0,72.0,15.0,6.0,16.0,22.0,6.0,0.0,16.0,0.0,50.0,2.0,0.0,12.0
65,GM0193,2016JJ00,293.0,126.0,650.0,11.0,12.0,39.0,247.0,38.0,905.0,263.0,84.0,204.0,63.0,98.0,19.0,384.0,19.0,702.0,32.0,142.0,78.0
66,GM0196,2016JJ00,8.0,1.0,22.0,0.0,1.0,0.0,7.0,0.0,5.0,15.0,9.0,6.0,7.0,3.0,1.0,12.0,3.0,45.0,3.0,1.0,1.0
67,GM0197,2016JJ00,25.0,11.0,68.0,0.0,0.0,0.0,37.0,3.0,68.0,44.0,7.0,21.0,15.0,9.0,5.0,28.0,3.0,59.0,4.0,4.0,6.0
68,GM0200,2016JJ00,392.0,130.0,651.0,20.0,9.0,43.0,235.0,35.0,850.0,747.0,103.0,242.0,186.0,86.0,23.0,390.0,26.0,873.0,45.0,142.0,57.0
69,GM0202,2016JJ00,493.0,172.0,1216.0,57.0,12.0,150.0,435.0,70.0,1599.0,886.0,337.0,266.0,210.0,174.0,47.0,686.0,95.0,1274.0,63.0,500.0,102.0
70,GM0203,2016JJ00,93.0,37.0,145.0,0.0,2.0,14.0,67.0,6.0,209.0,174.0,33.0,68.0,55.0,15.0,2.0,70.0,8.0,156.0,4.0,14.0,31.0
71,GM0209,2016JJ00,44.0,15.0,56.0,1.0,1.0,1.0,15.0,10.0,105.0,81.0,26.0,43.0,27.0,4.0,0.0,40.0,1.0,102.0,5.0,9.0,6.0
72,GM0213,2016JJ00,54.0,13.0,50.0,0.0,0.0,0.0,16.0,5.0,76.0,24.0,6.0,17.0,46.0,3.0,1.0,33.0,1.0,83.0,2.0,2.0,3.0
73,GM0214,2016JJ00,42.0,21.0,80.0,1.0,3.0,3.0,25.0,4.0,23.0,48.0,13.0,9.0,18.0,10.0,4.0,54.0,1.0,91.0,7.0,1.0,4.0
74,GM0216,2016JJ00,83.0,47.0,120.0,2.0,0.0,1.0,51.0,60.0,151.0,283.0,19.0,35.0,29.0,6.0,0.0,67.0,2.0,211.0,5.0,17.0,7.0
75,GM0221,2016JJ00,30.0,8.0,24.0,0.0,0.0,0.0,7.0,2.0,40.0,17.0,6.0,17.0,9.0,3.0,1.0,14.0,3.0,167.0,1.0,1.0,6.0
76,GM0222,2016JJ00,85.0,33.0,279.0,4.0,0.0,11.0,91.0,11.0,253.0,133.0,36.0,86.0,49.0,25.0,15.0,153.0,35.0,323.0,12.0,23.0,15.0
77,GM0225,2016JJ00,31.0,12.0,43.0,2.0,1.0,2.0,13.0,3.0,50.0,31.0,4.0,19.0,29.0,7.0,0.0,27.0,3.0,187.0,3.0,4.0,7.0
78,GM0226,2016JJ00,50.0,32.0,42.0,0.0,0.0,2.0,15.0,6.0,81.0,99.0,17.0,21.0,14.0,9.0,1.0,26.0,1.0,100.0,1.0,10.0,9.0
79,GM0228,2016JJ00,293.0,175.0,454.0,5.0,3.0,32.0,160.0,54.0,974.0,316.0,41.0,153.0,87.0,23.0,15.0,272.0,22.0,539.0,16.0,71.0,62.0
80,GM0230,2016JJ00,32.0,12.0,50.0,1.0,0.0,4.0,19.0,4.0,67.0,30.0,17.0,11.0,17.0,14.0,0.0,31.0,0.0,89.0,4.0,4.0,10.0
81,GM0232,2016JJ00,72.0,26.0,80.0,0.0,0.0,5.0,33.0,5.0,74.0,78.0,12.0,36.0,53.0,29.0,3.0,47.0,0.0,157.0,12.0,10.0,5.0
82,GM0233,2016JJ00,72.0,30.0,158.0,6.0,1.0,4.0,66.0,10.0,132.0,68.0,4.0,55.0,33.0,21.0,3.0,89.0,3.0,152.0,6.0,15.0,15.0
83,GM0236,2016JJ00,52.0,31.0,102.0,2.0,1.0,2.0,33.0,2.0,93.0,152.0,18.0,27.0,21.0,17.0,0.0,63.0,6.0,146.0,5.0,10.0,11.0
84,GM0241,2016JJ00,0.0,0.0,0.0,0.0,0.0,0.0,0.0,0.0,0.0,0.0,0.0,0.0,0.0,0.0,0.0,0.0,0.0,0.0,0.0,0.0,0.0
85,GM0243,2016JJ00,81.0,29.0,165.0,0.0,3.0,6.0,56.0,8.0,277.0,166.0,19.0,61.0,25.0,44.0,1.0,104.0,5.0,190.0,11.0,27.0,22.0
86,GM0244,2016JJ00,25.0,3.0,17.0,0.0,0.0,1.0,6.0,1.0,31.0,13.0,4.0,7.0,9.0,5.0,1.0,9.0,2.0,54.0,2.0,1.0,0.0
87,GM0246,2016JJ00,33.0,8.0,44.0,0.0,0.0,1.0,22.0,2.0,25.0,19.0,3.0,19.0,15.0,12.0,1.0,22.0,0.0,61.0,3.0,1.0,3.0
88,GM0252,2016JJ00,45.0,18.0,63.0,5.0,1.0,5.0,20.0,3.0,45.0,87.0,25.0,14.0,26.0,4.0,0.0,43.0,0.0,89.0,4.0,7.0,7.0
89,GM0262,2016JJ00,106.0,30.0,77.0,1.0,1.0,0.0,39.0,6.0,109.0,30.0,5.0,34.0,31.0,3.0,3.0,38.0,0.0,117.0,3.0,3.0,13.0
90,GM0263,2016JJ00,45.0,14.0,75.0,1.0,1.0,2.0,32.0,7.0,50.0,105.0,11.0,29.0,17.0,12.0,0.0,41.0,2.0,121.0,7.0,5.0,7.0
91,GM0265,2016JJ00,0.0,0.0,0.0,0.0,0.0,0.0,0.0,0.0,0.0,0.0,0.0,0.0,0.0,0.0,0.0,0.0,0.0,0.0,0.0,0.0,0.0
92,GM0267,2016JJ00,117.0,60.0,87.0,3.0,2.0,6.0,32.0,5.0,141.0,147.0,14.0,43.0,32.0,9.0,4.0,54.0,1.0,144.0,2.0,9.0,13.0
93,GM0268,2016JJ00,518.0,156.0,1122.0,63.0,15.0,79.0,367.0,81.0,2373.0,1040.0,281.0,391.0,252.0,102.0,68.0,706.0,49.0,1082.0,64.0,423.0,89.0
94,GM0269,2016JJ00,29.0,17.0,37.0,0.0,1.0,2.0,15.0,2.0,36.0,28.0,6.0,18.0,24.0,12.0,1.0,22.0,0.0,59.0,3.0,2.0,14.0
95,GM0273,2016JJ00,78.0,17.0,46.0,0.0,0.0,3.0,13.0,3.0,91.0,77.0,7.0,18.0,47.0,10.0,0.0,32.0,1.0,83.0,7.0,5.0,12.0
96,GM0274,2016JJ00,93.0,47.0,134.0,1.0,1.0,2.0,54.0,13.0,88.0,138.0,19.0,26.0,44.0,14.0,0.0,77.0,3.0,144.0,5.0,10.0,17.0
97,GM0275,2016JJ00,132.0,75.0,171.0,3.0,1.0,4.0,79.0,15.0,175.0,114.0,15.0,54.0,39.0,18.0,2.0,88.0,4.0,236.0,15.0,22.0,16.0
98,GM0277,2016JJ00,9.0,3.0,2.0,0.0,0.0,1.0,0.0,0.0,3.0,10.0,1.0,0.0,0.0,0.0,0.0,2.0,0.0,5.0,0.0,0.0,0.0
99,GM0279,2016JJ00,12.0,3.0,19.0,0.0,0.0,0.0,11.0,0.0,36.0,10.0,2.0,3.0,11.0,3.0,0.0,8.0,0.0,46.0,1.0,1.0,3.0
100,GM0281,2016JJ00,96.0,54.0,311.0,11.0,6.0,20.0,105.0,49.0,297.0,247.0,34.0,63.0,39.0,23.0,3.0,202.0,4.0,406.0,31.0,40.0,17.0
101,GM0282,2016JJ00,0.0,0.0,0.0,0.0,0.0,0.0,0.0,0.0,0.0,0.0,0.0,0.0,0.0,0.0,0.0,0.0,0.0,0.0,0.0,0.0,0.0
102,GM0285,2016JJ00,46.0,25.0,44.0,0.0,0.0,0.0,15.0,5.0,129.0,41.0,5.0,37.0,44.0,43.0,3.0,28.0,1.0,62.0,1.0,11.0,24.0
103,GM0289,2016JJ00,83.0,50.0,110.0,3.0,0.0,15.0,37.0,7.0,262.0,72.0,10.0,39.0,23.0,6.0,4.0,66.0,7.0,175.0,4.0,21.0,14.0
104,GM0293,2016JJ00,26.0,17.0,49.0,1.0,1.0,2.0,18.0,1.0,59.0,18.0,11.0,7.0,5.0,9.0,3.0,30.0,1.0,82.0,0.0,2.0,6.0
105,GM0294,2016JJ00,41.0,13.0,151.0,2.0,0.0,5.0,55.0,6.0,87.0,25.0,5.0,26.0,18.0,23.0,2.0,84.0,12.0,191.0,12.0,8.0,12.0
106,GM0296,2016JJ00,70.0,19.0,95.0,6.0,2.0,5.0,36.0,22.0,196.0,132.0,41.0,39.0,51.0,23.0,1.0,52.0,7.0,215.0,6.0,26.0,6.0
107,GM0297,2016JJ00,45.0,17.0,75.0,2.0,1.0,2.0,33.0,8.0,69.0,162.0,22.0,47.0,18.0,12.0,3.0,39.0,3.0,138.0,6.0,2.0,4.0
108,GM0299,2016JJ00,68.0,13.0,73.0,0.0,1.0,4.0,31.0,7.0,181.0,34.0,11.0,32.0,14.0,35.0,0.0,41.0,1.0,156.0,11.0,7.0,13.0
109,GM0301,2016JJ00,111.0,35.0,262.0,6.0,1.0,9.0,86.0,16.0,439.0,123.0,14.0,99.0,86.0,39.0,9.0,170.0,6.0,376.0,14.0,49.0,28.0
110,GM0302,2016JJ00,39.0,22.0,53.0,0.0,1.0,1.0,16.0,6.0,65.0,86.0,8.0,16.0,14.0,12.0,1.0,36.0,1.0,76.0,6.0,11.0,16.0
111,GM0303,2016JJ00,84.0,37.0,123.0,5.0,1.0,2.0,39.0,6.0,148.0,78.0,8.0,56.0,17.0,167.0,7.0,74.0,10.0,170.0,6.0,88.0,16.0
112,GM0304,2016JJ00,21.0,8.0,36.0,0.0,0.0,0.0,12.0,1.0,10.0,19.0,7.0,20.0,14.0,3.0,0.0,21.0,3.0,39.0,2.0,1.0,3.0
113,GM0307,2016JJ00,318.0,242.0,655.0,21.0,13.0,50.0,210.0,45.0,1076.0,767.0,62.0,258.0,94.0,94.0,17.0,398.0,47.0,988.0,44.0,199.0,46.0
114,GM0308,2016JJ00,68.0,48.0,95.0,0.0,2.0,4.0,41.0,12.0,105.0,110.0,8.0,25.0,15.0,13.0,1.0,43.0,11.0,183.0,6.0,13.0,2.0
115,GM0310,2016JJ00,130.0,50.0,102.0,3.0,3.0,3.0,33.0,3.0,137.0,175.0,24.0,53.0,46.0,7.0,1.0,64.0,5.0,205.0,7.0,19.0,7.0
116,GM0312,2016JJ00,29.0,18.0,36.0,1.0,1.0,1.0,9.0,1.0,39.0,117.0,4.0,24.0,9.0,12.0,1.0,23.0,4.0,34.0,1.0,13.0,5.0
117,GM0313,2016JJ00,27.0,11.0,60.0,0.0,0.0,4.0,18.0,4.0,99.0,34.0,6.0,37.0,4.0,1.0,1.0,38.0,4.0,74.0,4.0,5.0,1.0
118,GM0317,2016JJ00,12.0,7.0,25.0,1.0,0.0,1.0,16.0,1.0,16.0,42.0,3.0,13.0,6.0,3.0,0.0,9.0,0.0,32.0,3.0,3.0,1.0
119,GM0321,2016JJ00,97.0,67.0,108.0,1.0,0.0,8.0,53.0,9.0,203.0,271.0,17.0,76.0,24.0,10.0,3.0,53.0,2.0,223.0,8.0,19.0,12.0
120,GM0327,2016JJ00,39.0,22.0,76.0,0.0,1.0,2.0,31.0,4.0,68.0,128.0,3.0,16.0,12.0,6.0,1.0,43.0,2.0,102.0,1.0,7.0,7.0
121,GM0331,2016JJ00,11.0,8.0,28.0,0.0,0.0,0.0,10.0,1.0,14.0,51.0,5.0,11.0,11.0,2.0,1.0,17.0,1.0,72.0,2.0,2.0,6.0
122,GM0335,2016JJ00,14.0,4.0,22.0,0.0,0.0,0.0,4.0,0.0,22.0,41.0,1.0,11.0,5.0,3.0,0.0,17.0,1.0,46.0,1.0,2.0,1.0
123,GM0339,2016JJ00,8.0,0.0,9.0,0.0,0.0,0.0,5.0,3.0,19.0,8.0,3.0,7.0,8.0,0.0,0.0,4.0,0.0,7.0,1.0,0.0,0.0
124,GM0340,2016JJ00,41.0,14.0,51.0,0.0,0.0,3.0,15.0,6.0,49.0,81.0,11.0,18.0,12.0,4.0,1.0,25.0,11.0,84.0,3.0,9.0,1.0
125,GM0342,2016JJ00,146.0,73.0,185.0,5.0,3.0,3.0,74.0,16.0,147.0,200.0,16.0,48.0,21.0,22.0,3.0,107.0,4.0,269.0,13.0,20.0,14.0
126,GM0344,2016JJ00,1177.0,474.0,1820.0,140.0,22.0,157.0,648.0,167.0,4774.0,6007.0,380.0,739.0,331.0,239.0,124.0,1058.0,114.0,2029.0,103.0,802.0,149.0
127,GM0345,2016JJ00,170.0,99.0,219.0,4.0,5.0,18.0,96.0,13.0,440.0,201.0,37.0,71.0,92.0,31.0,1.0,105.0,18.0,288.0,10.0,42.0,24.0
128,GM0351,2016JJ00,32.0,22.0,21.0,0.0,0.0,1.0,8.0,1.0,18.0,24.0,2.0,9.0,9.0,2.0,0.0,12.0,1.0,45.0,0.0,4.0,2.0
129,GM0352,2016JJ00,17.0,17.0,35.0,0.0,2.0,0.0,17.0,7.0,28.0,83.0,11.0,20.0,5.0,4.0,0.0,16.0,2.0,78.0,2.0,2.0,2.0
130,GM0353,2016JJ00,72.0,41.0,94.0,5.0,1.0,4.0,34.0,11.0,121.0,208.0,22.0,35.0,17.0,2.0,1.0,51.0,9.0,223.0,5.0,12.0,4.0
131,GM0355,2016JJ00,204.0,95.0,275.0,6.0,5.0,17.0,95.0,33.0,402.0,363.0,25.0,149.0,120.0,19.0,4.0,170.0,10.0,373.0,10.0,37.0,31.0
132,GM0356,2016JJ00,187.0,137.0,231.0,9.0,1.0,17.0,73.0,16.0,260.0,1048.0,81.0,118.0,81.0,38.0,7.0,136.0,22.0,448.0,21.0,51.0,20.0
133,GM0358,2016JJ00,60.0,20.0,112.0,2.0,0.0,0.0,47.0,5.0,91.0,97.0,14.0,47.0,17.0,11.0,7.0,64.0,1.0,115.0,3.0,7.0,12.0
134,GM0361,2016JJ00,274.0,169.0,601.0,11.0,5.0,51.0,219.0,31.0,1007.0,235.0,58.0,173.0,122.0,58.0,18.0,348.0,34.0,883.0,36.0,154.0,56.0
135,GM0362,2016JJ00,195.0,95.0,291.0,21.0,5.0,12.0,118.0,12.0,505.0,528.0,97.0,135.0,54.0,56.0,13.0,163.0,10.0,348.0,10.0,140.0,33.0
136,GM0363,2016JJ00,2962.0,1351.0,7645.0,1331.0,176.0,1115.0,3017.0,243.0,11536.0,9155.0,1597.0,3264.0,974.0,1293.0,265.0,4356.0,272.0,4956.0,556.0,8009.0,530.0
137,GM0365,2016JJ00,0.0,0.0,0.0,0.0,0.0,0.0,0.0,0.0,0.0,0.0,0.0,0.0,0.0,0.0,0.0,0.0,0.0,0.0,0.0,0.0,0.0
138,GM0370,2016JJ00,11.0,5.0,20.0,0.0,0.0,0.0,8.0,0.0,13.0,13.0,3.0,11.0,3.0,2.0,0.0,12.0,0.0,37.0,0.0,1.0,3.0
139,GM0373,2016JJ00,63.0,16.0,78.0,3.0,2.0,7.0,16.0,10.0,133.0,37.0,16.0,60.0,33.0,5.0,5.0,58.0,4.0,177.0,2.0,18.0,12.0
140,GM0375,2016JJ00,98.0,53.0,229.0,3.0,8.0,3.0,64.0,10.0,223.0,106.0,23.0,52.0,34.0,23.0,6.0,155.0,10.0,318.0,22.0,123.0,13.0
141,GM0376,2016JJ00,51.0,31.0,24.0,2.0,2.0,0.0,12.0,0.0,24.0,120.0,3.0,13.0,3.0,6.0,0.0,11.0,1.0,48.0,1.0,2.0,1.0
142,GM0377,2016JJ00,61.0,25.0,73.0,0.0,0.0,6.0,17.0,3.0,89.0,132.0,14.0,12.0,13.0,12.0,0.0,49.0,7.0,116.0,3.0,23.0,3.0
143,GM0381,2016JJ00,0.0,0.0,0.0,0.0,0.0,0.0,0.0,0.0,0.0,0.0,0.0,0.0,0.0,0.0,0.0,0.0,0.0,0.0,0.0,0.0,0.0
144,GM0383,2016JJ00,43.0,23.0,78.0,6.0,0.0,6.0,21.0,5.0,212.0,57.0,14.0,31.0,13.0,5.0,1.0,53.0,4.0,213.0,0.0,18.0,5.0
145,GM0384,2016JJ00,87.0,39.0,148.0,36.0,4.0,7.0,67.0,0.0,132.0,163.0,58.0,72.0,31.0,13.0,1.0,78.0,3.0,135.0,7.0,32.0,5.0
146,GM0385,2016JJ00,30.0,11.0,79.0,3.0,2.0,3.0,22.0,2.0,98.0,42.0,10.0,17.0,5.0,13.0,1.0,53.0,4.0,79.0,3.0,56.0,3.0
147,GM0388,2016JJ00,24.0,8.0,98.0,3.0,1.0,4.0,39.0,7.0,131.0,34.0,8.0,23.0,27.0,4.0,3.0,55.0,4.0,149.0,2.0,4.0,6.0
148,GM0392,2016JJ00,346.0,105.0,730.0,25.0,12.0,111.0,239.0,49.0,1636.0,782.0,131.0,260.0,170.0,83.0,23.0,436.0,55.0,1131.0,48.0,239.0,64.0
149,GM0393,2016JJ00,25.0,20.0,16.0,2.0,1.0,0.0,4.0,0.0,32.0,16.0,7.0,7.0,2.0,48.0,0.0,8.0,4.0,33.0,2.0,14.0,2.0
150,GM0394,2016JJ00,320.0,153.0,406.0,21.0,4.0,18.0,122.0,26.0,424.0,449.0,117.0,303.0,72.0,78.0,10.0,262.0,22.0,725.0,57.0,397.0,36.0
151,GM0396,2016JJ00,73.0,48.0,106.0,1.0,3.0,3.0,29.0,16.0,140.0,76.0,11.0,26.0,41.0,16.0,6.0,70.0,7.0,208.0,7.0,21.0,15.0
152,GM0397,2016JJ00,54.0,23.0,47.0,2.0,0.0,2.0,19.0,2.0,196.0,92.0,8.0,21.0,30.0,2.0,1.0,27.0,1.0,124.0,3.0,13.0,5.0
153,GM0398,2016JJ00,105.0,35.0,332.0,9.0,3.0,4.0,125.0,22.0,294.0,130.0,26.0,97.0,46.0,23.0,10.0,199.0,8.0,454.0,9.0,14.0,21.0
154,GM0399,2016JJ00,73.0,40.0,67.0,1.0,0.0,1.0,37.0,3.0,140.0,27.0,4.0,23.0,26.0,4.0,5.0,30.0,0.0,143.0,0.0,6.0,8.0
155,GM0400,2016JJ00,98.0,30.0,468.0,5.0,5.0,42.0,178.0,48.0,427.0,147.0,10.0,56.0,121.0,52.0,26.0,275.0,15.0,657.0,24.0,23.0,55.0
156,GM0402,2016JJ00,247.0,109.0,434.0,14.0,5.0,20.0,157.0,25.0,510.0,514.0,42.0,173.0,78.0,45.0,11.0,247.0,30.0,673.0,14.0,111.0,27.0
157,GM0405,2016JJ00,107.0,66.0,515.0,18.0,5.0,32.0,176.0,19.0,442.0,253.0,58.0,110.0,66.0,22.0,11.0,309.0,30.0,660.0,26.0,61.0,32.0
158,GM0406,2016JJ00,149.0,111.0,156.0,3.0,1.0,6.0,67.0,17.0,110.0,241.0,15.0,86.0,16.0,12.0,2.0,84.0,5.0,288.0,3.0,20.0,8.0
159,GM0415,2016JJ00,23.0,9.0,37.0,3.0,1.0,1.0,10.0,2.0,33.0,27.0,7.0,17.0,8.0,4.0,0.0,26.0,1.0,65.0,1.0,3.0,1.0
160,GM0416,2016JJ00,31.0,28.0,92.0,0.0,2.0,2.0,31.0,13.0,58.0,43.0,12.0,28.0,20.0,8.0,0.0,61.0,0.0,168.0,1.0,4.0,12.0
161,GM0417,2016JJ00,55.0,21.0,26.0,0.0,0.0,0.0,12.0,0.0,30.0,85.0,1.0,31.0,3.0,1.0,1.0,14.0,0.0,49.0,3.0,6.0,2.0
162,GM0420,2016JJ00,72.0,25.0,148.0,4.0,1.0,5.0,57.0,6.0,61.0,71.0,21.0,45.0,34.0,8.0,1.0,84.0,7.0,183.0,7.0,8.0,10.0
163,GM0424,2016JJ00,0.0,0.0,0.0,0.0,0.0,0.0,0.0,0.0,0.0,0.0,0.0,0.0,0.0,0.0,0.0,0.0,0.0,0.0,0.0,0.0,0.0
164,GM0425,2016JJ00,0.0,0.0,0.0,0.0,0.0,0.0,0.0,0.0,0.0,0.0,0.0,0.0,0.0,0.0,0.0,0.0,0.0,0.0,0.0,0.0,0.0
165,GM0431,2016JJ00,20.0,22.0,40.0,2.0,0.0,0.0,18.0,1.0,20.0,15.0,4.0,14.0,3.0,29.0,0.0,21.0,1.0,52.0,8.0,5.0,0.0
166,GM0432,2016JJ00,16.0,7.0,39.0,1.0,1.0,1.0,16.0,3.0,15.0,58.0,3.0,8.0,9.0,2.0,0.0,21.0,2.0,41.0,4.0,0.0,1.0
167,GM0437,2016JJ00,27.0,19.0,68.0,4.0,1.0,0.0,31.0,2.0,68.0,104.0,12.0,66.0,28.0,4.0,1.0,37.0,0.0,253.0,7.0,29.0,5.0
168,GM0439,2016JJ00,131.0,81.0,377.0,13.0,8.0,12.0,137.0,21.0,311.0,167.0,37.0,91.0,60.0,40.0,16.0,229.0,11.0,462.0,21.0,83.0,41.0
169,GM0441,2016JJ00,68.0,15.0,200.0,4.0,0.0,10.0,74.0,4.0,138.0,94.0,8.0,57.0,37.0,15.0,2.0,109.0,17.0,234.0,4.0,17.0,18.0
170,GM0448,2016JJ00,12.0,6.0,59.0,1.0,0.0,3.0,24.0,6.0,35.0,9.0,0.0,10.0,3.0,4.0,0.0,27.0,8.0,73.0,4.0,11.0,13.0
171,GM0450,2016JJ00,21.0,7.0,37.0,0.0,0.0,0.0,8.0,4.0,96.0,45.0,2.0,14.0,8.0,2.0,1.0,25.0,4.0,94.0,1.0,6.0,3.0
172,GM0451,2016JJ00,38.0,16.0,131.0,5.0,0.0,3.0,42.0,9.0,78.0,75.0,14.0,33.0,13.0,10.0,1.0,83.0,6.0,163.0,3.0,7.0,6.0
173,GM0453,2016JJ00,126.0,49.0,312.0,5.0,2.0,6.0,105.0,16.0,285.0,164.0,38.0,93.0,86.0,27.0,12.0,181.0,26.0,427.0,22.0,31.0,21.0
174,GM0457,2016JJ00,64.0,38.0,61.0,3.0,1.0,2.0,17.0,6.0,60.0,67.0,17.0,55.0,9.0,5.0,0.0,43.0,1.0,96.0,3.0,12.0,2.0
175,GM0458,2016JJ00,0.0,0.0,0.0,0.0,0.0,0.0,0.0,0.0,0.0,0.0,0.0,0.0,0.0,0.0,0.0,0.0,0.0,0.0,0.0,0.0,0.0
176,GM0473,2016JJ00,45.0,17.0,122.0,2.0,0.0,11.0,45.0,5.0,116.0,51.0,21.0,38.0,29.0,10.0,0.0,70.0,7.0,120.0,5.0,21.0,8.0
177,GM0478,2016JJ00,0.0,0.0,0.0,0.0,0.0,0.0,0.0,0.0,0.0,0.0,0.0,0.0,0.0,0.0,0.0,0.0,0.0,0.0,0.0,0.0,0.0
178,GM0479,2016JJ00,256.0,169.0,712.0,31.0,14.0,20.0,252.0,59.0,958.0,492.0,92.0,243.0,152.0,80.0,21.0,442.0,18.0,839.0,47.0,211.0,52.0
179,GM0482,2016JJ00,24.0,11.0,82.0,2.0,0.0,2.0,31.0,3.0,34.0,34.0,8.0,11.0,12.0,5.0,1.0,41.0,10.0,107.0,3.0,7.0,5.0
180,GM0484,2016JJ00,165.0,116.0,389.0,10.0,6.0,11.0,161.0,17.0,614.0,318.0,34.0,134.0,88.0,45.0,6.0,215.0,13.0,424.0,18.0,44.0,49.0
181,GM0489,2016JJ00,87.0,54.0,125.0,10.0,0.0,0.0,57.0,4.0,414.0,257.0,41.0,65.0,26.0,6.0,7.0,63.0,5.0,180.0,6.0,24.0,19.0
182,GM0491,2016JJ00,0.0,0.0,0.0,0.0,0.0,0.0,0.0,0.0,0.0,0.0,0.0,0.0,0.0,0.0,0.0,0.0,0.0,0.0,0.0,0.0,0.0
183,GM0498,2016JJ00,22.0,5.0,60.0,4.0,0.0,1.0,16.0,2.0,58.0,18.0,7.0,11.0,11.0,4.0,2.0,41.0,3.0,63.0,3.0,4.0,2.0
184,GM0499,2016JJ00,0.0,0.0,0.0,0.0,0.0,0.0,0.0,0.0,0.0,0.0,0.0,0.0,0.0,0.0,0.0,0.0,0.0,0.0,0.0,0.0,0.0
185,GM0501,2016JJ00,18.0,18.0,54.0,1.0,2.0,4.0,14.0,3.0,54.0,33.0,5.0,14.0,17.0,8.0,0.0,34.0,6.0,110.0,3.0,7.0,4.0
186,GM0502,2016JJ00,169.0,97.0,366.0,30.0,13.0,11.0,168.0,8.0,345.0,298.0,88.0,75.0,109.0,61.0,5.0,174.0,24.0,361.0,27.0,34.0,27.0
187,GM0503,2016JJ00,348.0,134.0,441.0,30.0,2.0,32.0,144.0,29.0,1677.0,402.0,96.0,184.0,118.0,44.0,16.0,284.0,13.0,570.0,20.0,133.0,48.0
188,GM0505,2016JJ00,198.0,56.0,757.0,43.0,10.0,54.0,273.0,51.0,778.0,569.0,78.0,160.0,151.0,178.0,17.0,442.0,42.0,829.0,93.0,96.0,63.0
189,GM0512,2016JJ00,55.0,23.0,166.0,5.0,0.0,6.0,57.0,14.0,301.0,230.0,9.0,45.0,30.0,32.0,3.0,100.0,9.0,279.0,25.0,19.0,22.0
190,GM0513,2016JJ00,341.0,298.0,437.0,11.0,3.0,25.0,179.0,28.0,550.0,380.0,39.0,139.0,87.0,38.0,5.0,246.0,12.0,636.0,26.0,62.0,32.0
191,GM0518,2016JJ00,1462.0,807.0,3996.0,242.0,44.0,386.0,1600.0,189.0,6061.0,2819.0,654.0,1027.0,582.0,666.0,106.0,2306.0,90.0,3820.0,294.0,1588.0,287.0
192,GM0523,2016JJ00,18.0,8.0,20.0,0.0,0.0,3.0,5.0,1.0,47.0,34.0,5.0,11.0,5.0,11.0,0.0,14.0,1.0,52.0,10.0,3.0,4.0
193,GM0530,2016JJ00,44.0,14.0,165.0,5.0,4.0,3.0,59.0,11.0,107.0,311.0,10.0,32.0,29.0,20.0,3.0,92.0,14.0,207.0,5.0,10.0,14.0
194,GM0531,2016JJ00,51.0,26.0,42.0,1.0,2.0,0.0,15.0,2.0,86.0,135.0,31.0,19.0,14.0,11.0,1.0,27.0,0.0,145.0,5.0,7.0,9.0
195,GM0532,2016JJ00,24.0,9.0,86.0,3.0,0.0,4.0,27.0,4.0,136.0,34.0,6.0,20.0,22.0,7.0,5.0,55.0,4.0,87.0,5.0,6.0,10.0
196,GM0534,2016JJ00,37.0,14.0,85.0,1.0,0.0,4.0,27.0,6.0,62.0,50.0,7.0,26.0,12.0,14.0,1.0,55.0,3.0,89.0,6.0,4.0,6.0
197,GM0537,2016JJ00,60.0,29.0,177.0,1.0,0.0,12.0,68.0,8.0,304.0,94.0,13.0,58.0,57.0,52.0,3.0,102.0,7.0,239.0,10.0,20.0,18.0
198,GM0542,2016JJ00,21.0,13.0,75.0,2.0,4.0,1.0,31.0,3.0,70.0,73.0,15.0,29.0,8.0,15.0,0.0,43.0,1.0,105.0,4.0,8.0,15.0
199,GM0545,2016JJ00,41.0,15.0,51.0,2.0,5.0,2.0,17.0,10.0,73.0,102.0,7.0,33.0,13.0,14.0,1.0,32.0,2.0,132.0,6.0,11.0,12.0
200,GM0546,2016JJ00,162.0,67.0,639.0,22.0,7.0,56.0,204.0,38.0,1455.0,503.0,82.0,202.0,103.0,106.0,15.0,398.0,37.0,679.0,37.0,179.0,71.0
201,GM0547,2016JJ00,26.0,13.0,69.0,1.0,0.0,1.0,23.0,25.0,122.0,163.0,11.0,13.0,12.0,9.0,6.0,44.0,2.0,87.0,2.0,9.0,6.0
202,GM0553,2016JJ00,28.0,10.0,82.0,2.0,1.0,3.0,19.0,3.0,88.0,98.0,13.0,30.0,32.0,11.0,1.0,58.0,5.0,105.0,4.0,60.0,15.0
203,GM0556,2016JJ00,97.0,56.0,110.0,8.0,1.0,3.0,43.0,11.0,180.0,153.0,17.0,108.0,50.0,7.0,0.0,65.0,2.0,250.0,7.0,14.0,11.0
204,GM0568,2016JJ00,0.0,0.0,0.0,0.0,0.0,0.0,0.0,0.0,0.0,0.0,0.0,0.0,0.0,0.0,0.0,0.0,0.0,0.0,0.0,0.0,0.0
205,GM0569,2016JJ00,39.0,12.0,48.0,0.0,0.0,3.0,23.0,2.0,40.0,26.0,10.0,25.0,14.0,7.0,0.0,24.0,1.0,86.0,2.0,1.0,3.0
206,GM0575,2016JJ00,56.0,12.0,135.0,3.0,2.0,13.0,44.0,3.0,136.0,63.0,4.0,43.0,43.0,20.0,4.0,89.0,2.0,153.0,4.0,16.0,12.0
207,GM0576,2016JJ00,23.0,11.0,42.0,0.0,2.0,2.0,14.0,3.0,48.0,18.0,4.0,33.0,19.0,15.0,2.0,27.0,1.0,53.0,2.0,3.0,14.0
208,GM0579,2016JJ00,35.0,20.0,50.0,2.0,0.0,0.0,14.0,4.0,74.0,115.0,9.0,26.0,14.0,19.0,3.0,35.0,1.0,47.0,4.0,7.0,9.0
209,GM0584,2016JJ00,3.0,5.0,62.0,4.0,1.0,5.0,18.0,3.0,60.0,60.0,13.0,16.0,6.0,14.0,0.0,38.0,6.0,129.0,5.0,4.0,12.0
210,GM0585,2016JJ00,20.0,18.0,73.0,2.0,1.0,3.0,25.0,3.0,18.0,63.0,7.0,12.0,12.0,30.0,0.0,44.0,4.0,114.0,7.0,2.0,4.0
211,GM0588,2016JJ00,9.0,1.0,14.0,0.0,0.0,0.0,7.0,0.0,5.0,2.0,2.0,2.0,3.0,6.0,1.0,7.0,0.0,50.0,4.0,1.0,4.0
212,GM0589,2016JJ00,8.0,5.0,12.0,0.0,0.0,1.0,3.0,0.0,19.0,15.0,3.0,6.0,4.0,1.0,0.0,5.0,4.0,33.0,0.0,0.0,1.0
213,GM0590,2016JJ00,45.0,16.0,74.0,5.0,0.0,4.0,30.0,11.0,95.0,114.0,17.0,25.0,31.0,10.0,2.0,42.0,2.0,202.0,11.0,13.0,18.0
214,GM0597,2016JJ00,87.0,50.0,148.0,16.0,3.0,1.0,41.0,15.0,254.0,279.0,58.0,46.0,33.0,16.0,3.0,95.0,12.0,233.0,8.0,14.0,30.0
215,GM0599,2016JJ00,1942.0,948.0,5503.0,624.0,125.0,501.0,2261.0,188.0,7863.0,5706.0,982.0,1201.0,997.0,941.0,121.0,2839.0,403.0,4837.0,528.0,1869.0,421.0
216,GM0603,2016JJ00,116.0,73.0,268.0,21.0,5.0,11.0,109.0,13.0,566.0,323.0,94.0,125.0,34.0,47.0,5.0,150.0,9.0,271.0,23.0,75.0,26.0
217,GM0606,2016JJ00,202.0,97.0,557.0,43.0,19.0,20.0,243.0,18.0,676.0,656.0,107.0,188.0,138.0,44.0,6.0,286.0,28.0,597.0,27.0,82.0,37.0
218,GM0608,2016JJ00,0.0,0.0,0.0,0.0,0.0,0.0,0.0,0.0,0.0,0.0,0.0,0.0,0.0,0.0,0.0,0.0,0.0,0.0,0.0,0.0,0.0
219,GM0610,2016JJ00,19.0,7.0,70.0,1.0,0.0,0.0,21.0,4.0,71.0,105.0,13.0,28.0,8.0,7.0,0.0,43.0,6.0,102.0,6.0,3.0,17.0
220,GM0611,2016JJ00,12.0,7.0,18.0,0.0,0.0,1.0,4.0,0.0,19.0,54.0,2.0,12.0,6.0,15.0,0.0,13.0,1.0,34.0,4.0,0.0,7.0
221,GM0612,2016JJ00,0.0,0.0,0.0,0.0,0.0,0.0,0.0,0.0,0.0,0.0,0.0,0.0,0.0,0.0,0.0,0.0,0.0,0.0,0.0,0.0,0.0
222,GM0613,2016JJ00,55.0,29.0,116.0,3.0,3.0,2.0,49.0,12.0,140.0,92.0,19.0,21.0,13.0,6.0,0.0,62.0,5.0,130.0,2.0,3.0,4.0
223,GM0614,2016JJ00,45.0,17.0,53.0,0.0,0.0,3.0,26.0,5.0,22.0,26.0,6.0,8.0,36.0,6.0,1.0,24.0,3.0,64.0,0.0,2.0,8.0
224,GM0617,2016JJ00,9.0,3.0,22.0,0.0,0.0,0.0,5.0,0.0,6.0,28.0,2.0,9.0,8.0,4.0,0.0,16.0,1.0,33.0,1.0,0.0,3.0
225,GM0620,2016JJ00,24.0,14.0,70.0,0.0,1.0,2.0,29.0,2.0,59.0,113.0,17.0,19.0,8.0,11.0,3.0,38.0,3.0,94.0,2.0,4.0,5.0
226,GM0622,2016JJ00,193.0,105.0,411.0,27.0,15.0,14.0,158.0,44.0,752.0,444.0,54.0,234.0,173.0,39.0,2.0,231.0,22.0,568.0,39.0,61.0,50.0
227,GM0623,2016JJ00,0.0,0.0,0.0,0.0,0.0,0.0,0.0,0.0,0.0,0.0,0.0,0.0,0.0,0.0,0.0,0.0,0.0,0.0,0.0,0.0,0.0
228,GM0626,2016JJ00,48.0,21.0,64.0,5.0,1.0,1.0,25.0,1.0,98.0,102.0,14.0,22.0,23.0,9.0,5.0,38.0,1.0,101.0,2.0,5.0,4.0
229,GM0627,2016JJ00,130.0,82.0,67.0,2.0,2.0,6.0,26.0,1.0,118.0,94.0,15.0,41.0,22.0,7.0,3.0,36.0,5.0,130.0,4.0,10.0,3.0
230,GM0629,2016JJ00,70.0,24.0,81.0,1.0,0.0,4.0,32.0,4.0,56.0,89.0,7.0,24.0,15.0,9.0,10.0,46.0,3.0,96.0,2.0,18.0,13.0
231,GM0632,2016JJ00,98.0,71.0,132.0,8.0,1.0,11.0,42.0,8.0,212.0,286.0,20.0,63.0,28.0,18.0,2.0,79.0,11.0,243.0,13.0,16.0,10.0
232,GM0637,2016JJ00,173.0,128.0,660.0,46.0,8.0,39.0,265.0,35.0,502.0,433.0,149.0,159.0,93.0,63.0,17.0,366.0,29.0,713.0,36.0,103.0,41.0
233,GM0638,2016JJ00,15.0,7.0,16.0,0.0,0.0,0.0,2.0,1.0,23.0,14.0,4.0,5.0,7.0,4.0,0.0,13.0,1.0,38.0,1.0,4.0,0.0
234,GM0642,2016JJ00,80.0,30.0,169.0,11.0,4.0,4.0,67.0,12.0,285.0,264.0,42.0,45.0,46.0,21.0,0.0,93.0,9.0,274.0,12.0,22.0,17.0
235,GM0643,2016JJ00,0.0,0.0,0.0,0.0,0.0,0.0,0.0,0.0,0.0,0.0,0.0,0.0,0.0,0.0,0.0,0.0,0.0,0.0,0.0,0.0,0.0
236,GM0644,2016JJ00,0.0,0.0,0.0,0.0,0.0,0.0,0.0,0.0,0.0,0.0,0.0,0.0,0.0,0.0,0.0,0.0,0.0,0.0,0.0,0.0,0.0
237,GM0653,2016JJ00,0.0,0.0,0.0,0.0,0.0,0.0,0.0,0.0,0.0,0.0,0.0,0.0,0.0,0.0,0.0,0.0,0.0,0.0,0.0,0.0,0.0
238,GM0654,2016JJ00,25.0,5.0,38.0,0.0,0.0,3.0,20.0,5.0,10.0,19.0,5.0,18.0,7.0,9.0,1.0,17.0,1.0,55.0,5.0,2.0,3.0
239,GM0664,2016JJ00,46.0,20.0,245.0,4.0,4.0,29.0,88.0,7.0,161.0,77.0,14.0,50.0,16.0,37.0,8.0,140.0,17.0,251.0,11.0,26.0,26.0
240,GM0668,2016JJ00,33.0,8.0,31.0,0.0,2.0,0.0,11.0,3.0,34.0,29.0,3.0,16.0,19.0,7.0,0.0,20.0,0.0,59.0,1.0,2.0,2.0
241,GM0677,2016JJ00,46.0,13.0,97.0,7.0,0.0,6.0,32.0,6.0,41.0,36.0,3.0,23.0,13.0,25.0,1.0,59.0,6.0,139.0,1.0,5.0,5.0
242,GM0678,2016JJ00,14.0,5.0,22.0,0.0,0.0,0.0,10.0,1.0,29.0,18.0,3.0,18.0,8.0,1.0,1.0,12.0,0.0,33.0,1.0,3.0,6.0
243,GM0687,2016JJ00,52.0,28.0,234.0,4.0,3.0,10.0,90.0,22.0,355.0,40.0,10.0,52.0,34.0,38.0,4.0,142.0,2.0,351.0,18.0,31.0,39.0
244,GM0689,2016JJ00,25.0,6.0,16.0,0.0,0.0,1.0,6.0,1.0,22.0,41.0,4.0,12.0,24.0,15.0,2.0,10.0,0.0,44.0,2.0,1.0,5.0
245,GM0703,2016JJ00,33.0,16.0,49.0,0.0,0.0,0.0,26.0,6.0,87.0,39.0,7.0,23.0,11.0,12.0,0.0,20.0,3.0,79.0,2.0,3.0,8.0
246,GM0707,2016JJ00,21.0,9.0,28.0,0.0,0.0,4.0,16.0,2.0,16.0,45.0,5.0,10.0,9.0,11.0,0.0,10.0,2.0,16.0,5.0,1.0,2.0
247,GM0715,2016JJ00,95.0,36.0,292.0,3.0,5.0,16.0,114.0,16.0,188.0,79.0,24.0,76.0,27.0,48.0,7.0,168.0,10.0,345.0,15.0,17.0,29.0
248,GM0716,2016JJ00,29.0,15.0,63.0,0.0,2.0,2.0,23.0,4.0,25.0,51.0,4.0,20.0,15.0,7.0,0.0,38.0,2.0,119.0,3.0,3.0,11.0
249,GM0717,2016JJ00,49.0,19.0,52.0,0.0,1.0,6.0,17.0,5.0,98.0,37.0,4.0,24.0,23.0,3.0,2.0,33.0,2.0,90.0,1.0,3.0,10.0
250,GM0718,2016JJ00,36.0,17.0,230.0,8.0,2.0,22.0,84.0,20.0,321.0,78.0,21.0,60.0,36.0,46.0,9.0,139.0,7.0,331.0,18.0,19.0,28.0
251,GM0733,2016JJ00,9.0,8.0,24.0,1.0,0.0,0.0,10.0,2.0,16.0,50.0,3.0,15.0,8.0,3.0,0.0,11.0,3.0,39.0,0.0,0.0,2.0
252,GM0736,2016JJ00,99.0,77.0,80.0,2.0,1.0,17.0,28.0,5.0,111.0,185.0,33.0,54.0,51.0,24.0,0.0,48.0,4.0,168.0,9.0,15.0,9.0
253,GM0737,2016JJ00,48.0,12.0,66.0,0.0,0.0,1.0,27.0,3.0,53.0,17.0,6.0,21.0,9.0,13.0,1.0,39.0,0.0,105.0,5.0,5.0,15.0
254,GM0738,2016JJ00,7.0,6.0,29.0,0.0,2.0,1.0,14.0,3.0,21.0,32.0,6.0,10.0,4.0,4.0,1.0,15.0,0.0,35.0,1.0,2.0,6.0
255,GM0743,2016JJ00,37.0,8.0,66.0,1.0,0.0,0.0,33.0,4.0,68.0,34.0,15.0,30.0,29.0,18.0,3.0,31.0,2.0,72.0,2.0,8.0,10.0
256,GM0744,2016JJ00,6.0,5.0,22.0,1.0,1.0,3.0,10.0,0.0,15.0,12.0,4.0,9.0,14.0,4.0,0.0,12.0,0.0,17.0,0.0,4.0,0.0
257,GM0748,2016JJ00,120.0,41.0,377.0,11.0,5.0,34.0,139.0,20.0,409.0,243.0,41.0,79.0,90.0,113.0,18.0,223.0,15.0,489.0,18.0,72.0,35.0
258,GM0753,2016JJ00,36.0,14.0,109.0,3.0,1.0,1.0,40.0,8.0,178.0,112.0,24.0,40.0,18.0,29.0,1.0,63.0,6.0,102.0,4.0,36.0,7.0
259,GM0755,2016JJ00,13.0,0.0,22.0,0.0,0.0,0.0,14.0,4.0,36.0,15.0,3.0,21.0,31.0,0.0,2.0,8.0,0.0,34.0,1.0,1.0,4.0
260,GM0756,2016JJ00,51.0,11.0,76.0,2.0,1.0,3.0,35.0,5.0,122.0,50.0,18.0,46.0,57.0,6.0,2.0,35.0,6.0,130.0,2.0,12.0,21.0
261,GM0757,2016JJ00,84.0,26.0,143.0,1.0,2.0,9.0,54.0,5.0,214.0,144.0,16.0,41.0,26.0,13.0,2.0,76.0,13.0,169.0,4.0,10.0,16.0
262,GM0758,2016JJ00,451.0,180.0,1241.0,43.0,18.0,86.0,449.0,28.0,1505.0,1442.0,191.0,287.0,302.0,309.0,34.0,737.0,55.0,1188.0,64.0,414.0,108.0
263,GM0762,2016JJ00,69.0,17.0,98.0,1.0,1.0,6.0,38.0,3.0,269.0,85.0,30.0,35.0,25.0,38.0,2.0,56.0,4.0,129.0,4.0,10.0,19.0
264,GM0765,2016JJ00,20.0,6.0,90.0,1.0,0.0,1.0,43.0,4.0,15.0,12.0,1.0,10.0,8.0,5.0,0.0,45.0,2.0,81.0,0.0,1.0,2.0
265,GM0766,2016JJ00,35.0,15.0,77.0,1.0,0.0,5.0,41.0,11.0,83.0,98.0,15.0,23.0,22.0,5.0,1.0,34.0,2.0,91.0,5.0,8.0,3.0
266,GM0770,2016JJ00,40.0,20.0,32.0,0.0,0.0,3.0,12.0,3.0,61.0,50.0,16.0,26.0,39.0,114.0,1.0,20.0,0.0,62.0,3.0,23.0,3.0
267,GM0772,2016JJ00,713.0,265.0,1717.0,96.0,25.0,116.0,567.0,81.0,2599.0,2802.0,369.0,491.0,350.0,189.0,60.0,1023.0,127.0,1821.0,57.0,1232.0,160.0
268,GM0777,2016JJ00,52.0,36.0,230.0,0.0,0.0,8.0,103.0,12.0,195.0,220.0,26.0,59.0,63.0,35.0,9.0,120.0,7.0,280.0,9.0,35.0,17.0
269,GM0779,2016JJ00,26.0,17.0,64.0,1.0,1.0,3.0,25.0,1.0,68.0,71.0,15.0,47.0,9.0,9.0,1.0,37.0,2.0,198.0,5.0,10.0,4.0
270,GM0784,2016JJ00,33.0,18.0,102.0,5.0,1.0,13.0,37.0,7.0,120.0,118.0,19.0,31.0,25.0,12.0,2.0,56.0,9.0,137.0,4.0,6.0,16.0
271,GM0785,2016JJ00,28.0,19.0,74.0,0.0,0.0,3.0,31.0,2.0,84.0,110.0,13.0,29.0,13.0,10.0,1.0,40.0,3.0,70.0,7.0,6.0,10.0
272,GM0786,2016JJ00,20.0,8.0,50.0,2.0,1.0,3.0,16.0,4.0,38.0,42.0,14.0,19.0,18.0,14.0,5.0,32.0,2.0,52.0,1.0,2.0,8.0
273,GM0788,2016JJ00,25.0,9.0,16.0,0.0,0.0,3.0,5.0,0.0,15.0,22.0,2.0,20.0,20.0,3.0,0.0,10.0,1.0,32.0,1.0,0.0,2.0
274,GM0794,2016JJ00,279.0,95.0,699.0,24.0,5.0,34.0,313.0,29.0,1124.0,362.0,74.0,175.0,155.0,66.0,36.0,360.0,26.0,577.0,21.0,70.0,54.0
275,GM0796,2016JJ00,314.0,157.0,1069.0,35.0,5.0,85.0,426.0,48.0,1005.0,1681.0,256.0,283.0,248.0,100.0,31.0,562.0,81.0,982.0,43.0,320.0,94.0
276,GM0797,2016JJ00,42.0,22.0,121.0,0.0,0.0,2.0,49.0,8.0,76.0,213.0,42.0,56.0,31.0,45.0,4.0,65.0,7.0,156.0,5.0,19.0,17.0
277,GM0798,2016JJ00,28.0,5.0,33.0,2.0,0.0,3.0,14.0,1.0,54.0,45.0,11.0,30.0,29.0,40.0,0.0,19.0,0.0,38.0,2.0,15.0,2.0
278,GM0809,2016JJ00,33.0,10.0,108.0,0.0,1.0,4.0,38.0,5.0,97.0,149.0,9.0,21.0,28.0,12.0,7.0,62.0,8.0,119.0,4.0,34.0,13.0
279,GM0815,2016JJ00,21.0,7.0,9.0,0.0,0.0,2.0,3.0,3.0,16.0,15.0,3.0,13.0,32.0,2.0,0.0,6.0,0.0,42.0,1.0,1.0,4.0
280,GM0820,2016JJ00,39.0,18.0,39.0,1.0,2.0,1.0,19.0,4.0,82.0,113.0,11.0,26.0,23.0,9.0,0.0,20.0,0.0,85.0,2.0,4.0,7.0
281,GM0823,2016JJ00,35.0,9.0,35.0,0.0,0.0,3.0,14.0,4.0,81.0,52.0,6.0,22.0,11.0,5.0,2.0,19.0,2.0,71.0,2.0,3.0,6.0
282,GM0824,2016JJ00,65.0,30.0,99.0,1.0,2.0,3.0,31.0,2.0,117.0,93.0,13.0,33.0,31.0,48.0,2.0,59.0,9.0,118.0,9.0,14.0,6.0
283,GM0826,2016JJ00,77.0,48.0,269.0,7.0,7.0,6.0,126.0,16.0,283.0,373.0,48.0,63.0,87.0,55.0,6.0,133.0,10.0,379.0,10.0,43.0,25.0
284,GM0828,2016JJ00,193.0,76.0,414.0,4.0,6.0,26.0,171.0,53.0,736.0,360.0,94.0,115.0,95.0,90.0,4.0,218.0,25.0,638.0,28.0,42.0,30.0
285,GM0840,2016JJ00,35.0,17.0,78.0,0.0,1.0,3.0,40.0,5.0,29.0,55.0,12.0,26.0,37.0,18.0,1.0,36.0,2.0,90.0,8.0,1.0,9.0
286,GM0844,2016JJ00,34.0,11.0,78.0,0.0,1.0,0.0,22.0,2.0,114.0,75.0,14.0,33.0,18.0,13.0,1.0,52.0,4.0,132.0,3.0,83.0,13.0
287,GM0845,2016JJ00,42.0,14.0,56.0,0.0,1.0,1.0,18.0,4.0,51.0,87.0,17.0,17.0,36.0,3.0,1.0,38.0,0.0,73.0,4.0,6.0,11.0
288,GM0846,2016JJ00,21.0,11.0,37.0,0.0,0.0,2.0,16.0,0.0,51.0,49.0,8.0,17.0,23.0,9.0,0.0,20.0,1.0,78.0,2.0,8.0,3.0
289,GM0847,2016JJ00,28.0,11.0,49.0,0.0,0.0,2.0,18.0,7.0,44.0,52.0,26.0,17.0,15.0,12.0,0.0,27.0,4.0,78.0,2.0,3.0,15.0
290,GM0848,2016JJ00,18.0,4.0,26.0,0.0,0.0,1.0,6.0,0.0,49.0,114.0,19.0,17.0,12.0,5.0,0.0,15.0,5.0,61.0,3.0,5.0,4.0
291,GM0851,2016JJ00,39.0,17.0,74.0,0.0,3.0,3.0,31.0,12.0,30.0,104.0,7.0,12.0,19.0,9.0,7.0,38.0,5.0,96.0,4.0,4.0,6.0
292,GM0852,2016JJ00,26.0,10.0,35.0,0.0,0.0,0.0,12.0,0.0,65.0,35.0,1.0,11.0,7.0,2.0,0.0,23.0,0.0,106.0,1.0,6.0,2.0
293,GM0855,2016JJ00,427.0,191.0,1670.0,43.0,26.0,75.0,595.0,65.0,1899.0,1113.0,158.0,385.0,294.0,180.0,71.0,982.0,93.0,1481.0,76.0,463.0,137.0
294,GM0856,2016JJ00,71.0,17.0,169.0,3.0,1.0,11.0,65.0,16.0,277.0,165.0,25.0,78.0,81.0,18.0,10.0,90.0,14.0,271.0,5.0,24.0,18.0
295,GM0858,2016JJ00,67.0,20.0,116.0,1.0,1.0,4.0,44.0,11.0,222.0,67.0,28.0,28.0,42.0,23.0,2.0,67.0,5.0,150.0,8.0,17.0,15.0
296,GM0860,2016JJ00,61.0,35.0,132.0,2.0,1.0,5.0,45.0,4.0,167.0,150.0,21.0,43.0,53.0,31.0,3.0,78.0,9.0,170.0,6.0,16.0,15.0
297,GM0861,2016JJ00,92.0,45.0,124.0,6.0,6.0,9.0,41.0,5.0,183.0,215.0,23.0,37.0,46.0,30.0,14.0,79.0,4.0,200.0,8.0,14.0,8.0
298,GM0865,2016JJ00,42.0,7.0,82.0,3.0,2.0,2.0,34.0,10.0,116.0,139.0,14.0,23.0,27.0,10.0,1.0,47.0,1.0,106.0,1.0,10.0,15.0
299,GM0866,2016JJ00,35.0,18.0,29.0,2.0,1.0,0.0,17.0,1.0,74.0,67.0,24.0,24.0,10.0,9.0,3.0,10.0,2.0,63.0,4.0,4.0,5.0
300,GM0867,2016JJ00,75.0,35.0,216.0,4.0,1.0,8.0,89.0,7.0,133.0,306.0,43.0,75.0,21.0,36.0,4.0,112.0,15.0,236.0,12.0,36.0,18.0
301,GM0870,2016JJ00,52.0,13.0,51.0,0.0,0.0,3.0,21.0,7.0,42.0,100.0,11.0,18.0,29.0,21.0,0.0,30.0,0.0,94.0,6.0,2.0,8.0
302,GM0873,2016JJ00,37.0,19.0,69.0,2.0,0.0,3.0,32.0,4.0,48.0,55.0,9.0,23.0,20.0,18.0,0.0,35.0,2.0,98.0,6.0,8.0,6.0
303,GM0874,2016JJ00,13.0,5.0,32.0,0.0,0.0,0.0,11.0,1.0,23.0,44.0,6.0,15.0,9.0,12.0,0.0,21.0,0.0,37.0,2.0,2.0,1.0
304,GM0879,2016JJ00,51.0,18.0,77.0,0.0,1.0,1.0,26.0,4.0,59.0,40.0,15.0,47.0,85.0,10.0,3.0,43.0,8.0,111.0,2.0,10.0,10.0
305,GM0880,2016JJ00,21.0,11.0,39.0,1.0,1.0,0.0,20.0,2.0,19.0,23.0,1.0,14.0,8.0,4.0,1.0,19.0,0.0,53.0,0.0,2.0,3.0
306,GM0881,2016JJ00,15.0,15.0,17.0,0.0,2.0,2.0,9.0,2.0,12.0,32.0,15.0,3.0,10.0,7.0,0.0,8.0,0.0,40.0,1.0,2.0,1.0
307,GM0882,2016JJ00,65.0,54.0,147.0,4.0,1.0,10.0,57.0,18.0,109.0,152.0,69.0,51.0,73.0,32.0,2.0,85.0,5.0,227.0,10.0,23.0,7.0
308,GM0888,2016JJ00,40.0,14.0,87.0,2.0,1.0,0.0,23.0,1.0,159.0,81.0,33.0,29.0,33.0,7.0,0.0,53.0,11.0,97.0,3.0,23.0,2.0
309,GM0889,2016JJ00,28.0,10.0,39.0,1.0,0.0,1.0,13.0,0.0,39.0,22.0,3.0,11.0,12.0,6.0,1.0,26.0,0.0,65.0,1.0,4.0,2.0
310,GM0893,2016JJ00,33.0,6.0,41.0,0.0,2.0,1.0,14.0,4.0,14.0,45.0,6.0,8.0,22.0,4.0,1.0,25.0,2.0,36.0,2.0,6.0,1.0
311,GM0899,2016JJ00,92.0,76.0,122.0,3.0,2.0,5.0,60.0,13.0,153.0,157.0,68.0,33.0,173.0,33.0,0.0,61.0,1.0,186.0,9.0,13.0,4.0
312,GM0907,2016JJ00,36.0,11.0,50.0,0.0,0.0,1.0,25.0,4.0,45.0,30.0,13.0,19.0,22.0,5.0,0.0,24.0,1.0,54.0,0.0,11.0,5.0
313,GM0917,2016JJ00,277.0,136.0,619.0,19.0,14.0,36.0,233.0,78.0,488.0,788.0,238.0,261.0,181.0,175.0,21.0,358.0,28.0,804.0,51.0,104.0,46.0
314,GM0928,2016JJ00,147.0,75.0,275.0,15.0,6.0,9.0,118.0,15.0,150.0,266.0,86.0,81.0,92.0,97.0,4.0,152.0,5.0,372.0,15.0,27.0,17.0
315,GM0935,2016JJ00,398.0,116.0,756.0,48.0,18.0,40.0,265.0,72.0,1479.0,774.0,285.0,275.0,267.0,141.0,15.0,444.0,47.0,765.0,59.0,788.0,51.0
316,GM0938,2016JJ00,47.0,21.0,36.0,3.0,1.0,2.0,13.0,5.0,125.0,61.0,41.0,39.0,27.0,4.0,2.0,21.0,2.0,64.0,4.0,5.0,3.0
317,GM0944,2016JJ00,26.0,14.0,11.0,0.0,1.0,0.0,4.0,2.0,24.0,23.0,6.0,11.0,10.0,0.0,0.0,7.0,0.0,40.0,0.0,1.0,4.0
318,GM0946,2016JJ00,35.0,11.0,31.0,0.0,0.0,0.0,16.0,3.0,48.0,18.0,9.0,11.0,25.0,12.0,1.0,15.0,0.0,43.0,0.0,4.0,2.0
319,GM0951,2016JJ00,32.0,29.0,37.0,1.0,0.0,1.0,18.0,3.0,34.0,47.0,32.0,30.0,43.0,11.0,0.0,19.0,0.0,72.0,0.0,1.0,3.0
320,GM0957,2016JJ00,161.0,49.0,375.0,9.0,10.0,12.0,139.0,19.0,466.0,372.0,70.0,126.0,66.0,93.0,9.0,221.0,15.0,374.0,30.0,434.0,52.0
321,GM0962,2016JJ00,37.0,18.0,20.0,1.0,0.0,0.0,11.0,3.0,36.0,55.0,25.0,18.0,30.0,4.0,0.0,9.0,0.0,52.0,1.0,1.0,1.0
322,GM0965,2016JJ00,14.0,15.0,21.0,1.0,1.0,0.0,9.0,3.0,8.0,23.0,11.0,6.0,12.0,1.0,2.0,12.0,0.0,46.0,2.0,1.0,3.0
323,GM0971,2016JJ00,60.0,44.0,79.0,0.0,1.0,0.0,33.0,8.0,56.0,82.0,39.0,37.0,35.0,12.0,3.0,41.0,5.0,105.0,2.0,10.0,7.0
324,GM0981,2016JJ00,21.0,4.0,34.0,1.0,0.0,1.0,9.0,2.0,15.0,52.0,23.0,14.0,9.0,8.0,1.0,23.0,2.0,41.0,0.0,10.0,2.0
325,GM0983,2016JJ00,266.0,123.0,678.0,15.0,16.0,31.0,268.0,42.0,911.0,319.0,98.0,195.0,281.0,135.0,32.0,377.0,33.0,725.0,42.0,326.0,39.0
326,GM0984,2016JJ00,67.0,24.0,164.0,7.0,0.0,7.0,72.0,17.0,402.0,161.0,31.0,54.0,64.0,19.0,4.0,83.0,9.0,180.0,5.0,29.0,20.0
327,GM0986,2016JJ00,25.0,18.0,26.0,1.0,0.0,0.0,13.0,2.0,35.0,53.0,19.0,16.0,40.0,5.0,1.0,13.0,0.0,40.0,2.0,2.0,1.0
328,GM0988,2016JJ00,99.0,27.0,217.0,2.0,4.0,11.0,87.0,11.0,254.0,145.0,35.0,62.0,45.0,46.0,4.0,124.0,6.0,241.0,16.0,73.0,21.0
329,GM0994,2016JJ00,35.0,16.0,52.0,2.0,3.0,5.0,13.0,1.0,74.0,160.0,82.0,24.0,77.0,7.0,0.0,35.0,4.0,92.0,4.0,26.0,6.0
330,GM0995,2016JJ00,185.0,113.0,527.0,17.0,4.0,22.0,205.0,50.0,407.0,200.0,46.0,225.0,71.0,93.0,12.0,299.0,23.0,504.0,26.0,47.0,36.0
331,GM1507,2016JJ00,83.0,31.0,100.0,0.0,1.0,6.0,29.0,1.0,165.0,108.0,23.0,48.0,45.0,29.0,2.0,64.0,7.0,126.0,5.0,19.0,16.0
332,GM1509,2016JJ00,48.0,25.0,105.0,0.0,0.0,1.0,27.0,6.0,113.0,77.0,10.0,40.0,27.0,17.0,2.0,75.0,3.0,126.0,5.0,14.0,7.0
333,GM1525,2016JJ00,58.0,19.0,93.0,0.0,0.0,3.0,31.0,8.0,178.0,137.0,9.0,68.0,53.0,15.0,2.0,62.0,0.0,134.0,4.0,5.0,14.0
334,GM1581,2016JJ00,150.0,78.0,145.0,0.0,3.0,4.0,66.0,12.0,286.0,145.0,19.0,63.0,40.0,12.0,4.0,72.0,7.0,222.0,11.0,12.0,10.0
335,GM1586,2016JJ00,47.0,15.0,80.0,1.0,0.0,2.0,23.0,0.0,121.0,25.0,4.0,18.0,10.0,16.0,0.0,49.0,8.0,102.0,5.0,26.0,15.0
336,GM1598,2016JJ00,38.0,17.0,59.0,3.0,0.0,0.0,23.0,2.0,40.0,41.0,16.0,31.0,7.0,4.0,1.0,33.0,3.0,107.0,3.0,0.0,8.0
337,GM1621,2016JJ00,123.0,106.0,166.0,7.0,1.0,7.0,71.0,10.0,318.0,253.0,49.0,50.0,36.0,10.0,4.0,88.0,7.0,275.0,5.0,13.0,26.0
338,GM1640,2016JJ00,85.0,26.0,104.0,0.0,0.0,8.0,41.0,15.0,90.0,56.0,19.0,44.0,78.0,25.0,1.0,59.0,4.0,145.0,10.0,7.0,12.0
339,GM1641,2016JJ00,72.0,25.0,55.0,1.0,0.0,2.0,29.0,13.0,32.0,70.0,17.0,19.0,29.0,14.0,2.0,25.0,1.0,89.0,3.0,6.0,2.0
340,GM1651,2016JJ00,9.0,1.0,78.0,0.0,0.0,1.0,33.0,3.0,23.0,10.0,3.0,9.0,8.0,7.0,0.0,45.0,0.0,95.0,2.0,1.0,12.0
341,GM1652,2016JJ00,52.0,17.0,81.0,1.0,1.0,4.0,33.0,17.0,121.0,54.0,9.0,19.0,56.0,21.0,3.0,42.0,6.0,117.0,3.0,14.0,12.0
342,GM1655,2016JJ00,55.0,26.0,91.0,0.0,1.0,2.0,36.0,2.0,72.0,104.0,7.0,39.0,34.0,20.0,2.0,51.0,4.0,123.0,1.0,10.0,9.0
343,GM1658,2016JJ00,29.0,18.0,40.0,0.0,0.0,0.0,12.0,3.0,67.0,42.0,9.0,30.0,34.0,8.0,2.0,26.0,2.0,47.0,3.0,5.0,3.0
344,GM1659,2016JJ00,18.0,7.0,55.0,0.0,0.0,3.0,28.0,2.0,48.0,31.0,16.0,14.0,25.0,8.0,1.0,27.0,0.0,61.0,3.0,10.0,4.0
345,GM1663,2016JJ00,14.0,4.0,29.0,0.0,0.0,0.0,15.0,7.0,4.0,5.0,0.0,3.0,5.0,8.0,1.0,13.0,1.0,46.0,1.0,2.0,5.0
346,GM1667,2016JJ00,21.0,6.0,43.0,0.0,0.0,1.0,12.0,8.0,25.0,11.0,5.0,5.0,26.0,4.0,0.0,27.0,4.0,42.0,0.0,8.0,4.0
347,GM1669,2016JJ00,53.0,32.0,52.0,2.0,1.0,2.0,25.0,6.0,38.0,57.0,19.0,19.0,25.0,8.0,1.0,27.0,0.0,94.0,1.0,6.0,2.0
348,GM1671,2016JJ00,0.0,0.0,0.0,0.0,0.0,0.0,0.0,0.0,0.0,0.0,0.0,0.0,0.0,0.0,0.0,0.0,0.0,0.0,0.0,0.0,0.0
349,GM1672,2016JJ00,0.0,0.0,0.0,0.0,0.0,0.0,0.0,0.0,0.0,0.0,0.0,0.0,0.0,0.0,0.0,0.0,0.0,0.0,0.0,0.0,0.0
350,GM1674,2016JJ00,152.0,86.0,492.0,13.0,3.0,29.0,212.0,16.0,459.0,533.0,45.0,146.0,104.0,85.0,7.0,259.0,21.0,460.0,36.0,111.0,32.0
351,GM1676,2016JJ00,57.0,13.0,132.0,4.0,0.0,10.0,60.0,7.0,106.0,100.0,9.0,57.0,36.0,35.0,4.0,68.0,4.0,211.0,8.0,25.0,8.0
352,GM1680,2016JJ00,39.0,17.0,51.0,0.0,0.0,0.0,21.0,5.0,37.0,12.0,3.0,16.0,12.0,2.0,2.0,30.0,0.0,107.0,1.0,2.0,15.0
353,GM1681,2016JJ00,34.0,8.0,77.0,1.0,0.0,0.0,27.0,7.0,22.0,20.0,2.0,16.0,26.0,10.0,1.0,50.0,0.0,66.0,4.0,1.0,5.0
354,GM1684,2016JJ00,47.0,19.0,85.0,0.0,1.0,3.0,38.0,8.0,68.0,71.0,17.0,30.0,23.0,15.0,4.0,42.0,5.0,128.0,6.0,15.0,13.0
355,GM1685,2016JJ00,24.0,9.0,44.0,1.0,0.0,2.0,13.0,5.0,29.0,31.0,5.0,10.0,34.0,11.0,0.0,26.0,5.0,50.0,7.0,2.0,4.0
356,GM1690,2016JJ00,47.0,15.0,40.0,1.0,0.0,1.0,11.0,1.0,16.0,15.0,3.0,14.0,30.0,3.0,0.0,28.0,1.0,56.0,7.0,2.0,5.0
357,GM1695,2016JJ00,16.0,3.0,66.0,0.0,0.0,1.0,32.0,2.0,9.0,18.0,1.0,13.0,7.0,5.0,1.0,34.0,0.0,53.0,0.0,0.0,3.0
358,GM1696,2016JJ00,30.0,22.0,56.0,1.0,0.0,0.0,25.0,4.0,44.0,63.0,5.0,24.0,12.0,2.0,3.0,30.0,1.0,113.0,3.0,6.0,4.0
359,GM1699,2016JJ00,59.0,24.0,67.0,0.0,1.0,4.0,16.0,5.0,69.0,24.0,1.0,24.0,23.0,16.0,1.0,48.0,3.0,131.0,3.0,7.0,10.0
360,GM1700,2016JJ00,49.0,14.0,55.0,0.0,0.0,1.0,19.0,7.0,63.0,26.0,5.0,23.0,21.0,22.0,0.0,36.0,0.0,89.0,4.0,2.0,9.0
361,GM1701,2016JJ00,31.0,15.0,37.0,0.0,0.0,2.0,17.0,0.0,16.0,15.0,3.0,24.0,18.0,3.0,0.0,20.0,0.0,49.0,0.0,0.0,6.0
362,GM1702,2016JJ00,11.0,1.0,13.0,0.0,0.0,0.0,12.0,1.0,10.0,8.0,6.0,17.0,18.0,3.0,0.0,1.0,0.0,34.0,0.0,2.0,9.0
363,GM1705,2016JJ00,89.0,32.0,102.0,0.0,0.0,5.0,36.0,8.0,97.0,104.0,11.0,21.0,32.0,14.0,0.0,64.0,2.0,187.0,7.0,9.0,8.0
364,GM1706,2016JJ00,39.0,22.0,89.0,0.0,1.0,6.0,31.0,4.0,98.0,38.0,12.0,17.0,35.0,22.0,0.0,56.0,2.0,76.0,7.0,8.0,9.0
365,GM1708,2016JJ00,81.0,17.0,188.0,1.0,3.0,6.0,66.0,7.0,135.0,44.0,7.0,47.0,38.0,19.0,2.0,111.0,11.0,242.0,4.0,14.0,17.0
366,GM1709,2016JJ00,71.0,33.0,98.0,2.0,1.0,3.0,51.0,13.0,107.0,254.0,22.0,38.0,29.0,23.0,1.0,43.0,4.0,189.0,3.0,5.0,6.0
367,GM1711,2016JJ00,58.0,27.0,114.0,1.0,2.0,3.0,41.0,13.0,130.0,72.0,32.0,36.0,34.0,19.0,3.0,72.0,1.0,118.0,9.0,10.0,9.0
368,GM1714,2016JJ00,32.0,9.0,77.0,2.0,1.0,2.0,39.0,4.0,42.0,28.0,3.0,29.0,7.0,15.0,2.0,37.0,1.0,89.0,3.0,8.0,14.0
369,GM1719,2016JJ00,27.0,21.0,49.0,0.0,0.0,0.0,21.0,1.0,51.0,98.0,17.0,18.0,29.0,12.0,0.0,27.0,1.0,95.0,2.0,6.0,8.0
370,GM1721,2016JJ00,46.0,11.0,77.0,0.0,2.0,5.0,32.0,3.0,121.0,59.0,30.0,33.0,46.0,10.0,2.0,37.0,8.0,119.0,8.0,5.0,3.0
371,GM1722,2016JJ00,8.0,1.0,10.0,0.0,0.0,1.0,4.0,1.0,15.0,1.0,3.0,3.0,9.0,0.0,0.0,6.0,0.0,40.0,0.0,0.0,1.0
372,GM1723,2016JJ00,27.0,7.0,23.0,0.0,0.0,2.0,11.0,1.0,15.0,14.0,4.0,16.0,20.0,5.0,0.0,12.0,0.0,35.0,1.0,6.0,3.0
373,GM1724,2016JJ00,40.0,8.0,27.0,0.0,0.0,0.0,14.0,2.0,56.0,36.0,26.0,22.0,24.0,9.0,0.0,13.0,0.0,43.0,0.0,8.0,6.0
374,GM1728,2016JJ00,30.0,5.0,59.0,0.0,0.0,2.0,19.0,3.0,80.0,33.0,13.0,23.0,43.0,17.0,0.0,36.0,4.0,110.0,2.0,5.0,7.0
375,GM1729,2016JJ00,30.0,7.0,31.0,0.0,0.0,2.0,14.0,1.0,53.0,51.0,17.0,22.0,61.0,2.0,0.0,17.0,0.0,52.0,1.0,3.0,3.0
376,GM1730,2016JJ00,67.0,12.0,81.0,0.0,1.0,4.0,31.0,7.0,44.0,33.0,5.0,18.0,24.0,6.0,2.0,49.0,1.0,108.0,2.0,3.0,15.0
377,GM1731,2016JJ00,79.0,18.0,115.0,0.0,1.0,3.0,47.0,9.0,52.0,31.0,6.0,33.0,26.0,15.0,0.0,63.0,5.0,138.0,2.0,4.0,13.0
378,GM1734,2016JJ00,81.0,42.0,141.0,4.0,0.0,2.0,48.0,18.0,127.0,176.0,39.0,57.0,30.0,16.0,1.0,90.0,3.0,190.0,16.0,16.0,17.0
379,GM1735,2016JJ00,61.0,20.0,91.0,5.0,0.0,3.0,27.0,9.0,107.0,42.0,6.0,28.0,41.0,12.0,1.0,63.0,1.0,106.0,9.0,12.0,11.0
380,GM1740,2016JJ00,32.0,16.0,65.0,0.0,1.0,1.0,30.0,9.0,36.0,44.0,24.0,35.0,28.0,17.0,1.0,35.0,0.0,80.0,12.0,3.0,7.0
381,GM1742,2016JJ00,36.0,10.0,72.0,1.0,2.0,1.0,23.0,6.0,90.0,81.0,7.0,24.0,22.0,11.0,1.0,45.0,4.0,126.0,4.0,3.0,14.0
382,GM1771,2016JJ00,80.0,32.0,127.0,1.0,2.0,8.0,42.0,22.0,261.0,162.0,26.0,59.0,67.0,31.0,2.0,70.0,15.0,248.0,12.0,12.0,18.0
383,GM1773,2016JJ00,23.0,10.0,30.0,0.0,1.0,1.0,20.0,1.0,29.0,12.0,0.0,12.0,7.0,1.0,2.0,10.0,0.0,42.0,0.0,2.0,8.0
384,GM1774,2016JJ00,27.0,7.0,26.0,0.0,0.0,2.0,4.0,2.0,43.0,10.0,2.0,19.0,13.0,4.0,1.0,21.0,1.0,43.0,2.0,5.0,3.0
385,GM1783,2016JJ00,253.0,149.0,293.0,5.0,0.0,15.0,109.0,12.0,434.0,197.0,40.0,172.0,75.0,35.0,7.0,173.0,11.0,732.0,17.0,33.0,24.0
386,GM1842,2016JJ00,45.0,19.0,34.0,3.0,0.0,0.0,17.0,1.0,58.0,56.0,7.0,26.0,10.0,5.0,0.0,16.0,1.0,57.0,3.0,3.0,3.0
387,GM1859,2016JJ00,67.0,22.0,122.0,0.0,2.0,6.0,53.0,3.0,43.0,31.0,9.0,42.0,23.0,5.0,1.0,67.0,2.0,132.0,7.0,2.0,9.0
388,GM1876,2016JJ00,76.0,23.0,38.0,0.0,0.0,3.0,9.0,1.0,39.0,29.0,9.0,21.0,42.0,1.0,2.0,28.0,1.0,76.0,1.0,3.0,9.0
389,GM1883,2016JJ00,311.0,185.0,544.0,15.0,5.0,26.0,223.0,52.0,976.0,454.0,167.0,369.0,212.0,89.0,14.0,313.0,8.0,662.0,23.0,124.0,25.0
390,GM1884,2016JJ00,46.0,23.0,56.0,0.0,0.0,2.0,19.0,2.0,41.0,92.0,9.0,27.0,12.0,16.0,1.0,35.0,2.0,77.0,3.0,2.0,4.0
391,GM1891,2016JJ00,11.0,5.0,52.0,1.0,1.0,2.0,20.0,3.0,26.0,5.0,2.0,7.0,8.0,13.0,3.0,32.0,0.0,66.0,2.0,0.0,5.0
392,GM1892,2016JJ00,78.0,37.0,107.0,0.0,1.0,1.0,39.0,13.0,88.0,110.0,33.0,35.0,35.0,15.0,3.0,62.0,6.0,160.0,3.0,9.0,4.0
393,GM1894,2016JJ00,74.0,25.0,100.0,0.0,2.0,2.0,43.0,10.0,87.0,46.0,20.0,51.0,80.0,12.0,2.0,54.0,3.0,116.0,5.0,19.0,8.0
394,GM1895,2016JJ00,62.0,12.0,241.0,1.0,1.0,3.0,89.0,10.0,177.0,26.0,5.0,36.0,28.0,35.0,8.0,148.0,4.0,201.0,5.0,12.0,20.0
395,GM1896,2016JJ00,18.0,8.0,38.0,0.0,0.0,0.0,13.0,2.0,57.0,13.0,2.0,10.0,7.0,9.0,0.0,24.0,1.0,63.0,3.0,0.0,3.0
396,GM1900,2016JJ00,120.0,40.0,329.0,2.0,0.0,23.0,118.0,17.0,233.0,88.0,18.0,66.0,47.0,55.0,12.0,201.0,10.0,476.0,6.0,26.0,42.0
397,GM1901,2016JJ00,91.0,89.0,86.0,2.0,0.0,5.0,39.0,5.0,128.0,204.0,20.0,32.0,34.0,19.0,1.0,45.0,2.0,106.0,5.0,3.0,14.0
398,GM1903,2016JJ00,40.0,20.0,39.0,1.0,1.0,3.0,20.0,3.0,64.0,26.0,17.0,41.0,31.0,13.0,5.0,18.0,1.0,93.0,3.0,8.0,3.0
399,GM1904,2016JJ00,121.0,57.0,199.0,2.0,2.0,11.0,66.0,20.0,130.0,424.0,60.0,65.0,28.0,55.0,1.0,112.0,21.0,270.0,20.0,19.0,21.0
400,GM1908,2016JJ00,14.0,2.0,39.0,0.0,0.0,1.0,13.0,2.0,12.0,12.0,1.0,7.0,10.0,6.0,0.0,25.0,1.0,29.0,0.0,1.0,5.0
401,GM1911,2016JJ00,57.0,16.0,156.0,0.0,3.0,3.0,56.0,3.0,84.0,46.0,7.0,22.0,40.0,10.0,5.0,94.0,6.0,162.0,5.0,7.0,16.0
402,GM1916,2016JJ00,189.0,126.0,258.0,18.0,9.0,6.0,114.0,10.0,427.0,361.0,89.0,89.0,73.0,32.0,10.0,140.0,4.0,314.0,18.0,58.0,31.0
403,GM1921,2016JJ00,0.0,0.0,0.0,0.0,0.0,0.0,0.0,0.0,0.0,0.0,0.0,0.0,0.0,0.0,0.0,0.0,0.0,0.0,0.0,0.0,0.0
404,GM1924,2016JJ00,62.0,21.0,112.0,2.0,1.0,1.0,42.0,34.0,78.0,110.0,5.0,41.0,38.0,8.0,7.0,67.0,3.0,227.0,2.0,3.0,15.0
405,GM1926,2016JJ00,85.0,62.0,142.0,4.0,1.0,9.0,46.0,4.0,262.0,161.0,36.0,57.0,20.0,19.0,0.0,91.0,5.0,190.0,4.0,18.0,14.0
406,GM1927,2016JJ00,20.0,10.0,45.0,0.0,0.0,1.0,18.0,0.0,22.0,40.0,5.0,19.0,7.0,4.0,3.0,22.0,5.0,78.0,4.0,0.0,5.0
407,GM1930,2016JJ00,205.0,158.0,515.0,23.0,8.0,26.0,199.0,13.0,376.0,182.0,48.0,113.0,80.0,51.0,8.0,285.0,31.0,552.0,25.0,45.0,40.0
408,GM1931,2016JJ00,75.0,36.0,181.0,0.0,0.0,3.0,80.0,0.0,74.0,137.0,23.0,42.0,22.0,14.0,1.0,99.0,2.0,251.0,5.0,7.0,7.0
409,GM1940,2016JJ00,65.0,26.0,131.0,0.0,0.0,9.0,38.0,12.0,81.0,80.0,20.0,42.0,29.0,10.0,2.0,86.0,7.0,262.0,2.0,7.0,19.0
410,GM1942,2016JJ00,212.0,79.0,152.0,12.0,1.0,14.0,49.0,4.0,269.0,367.0,36.0,112.0,46.0,23.0,1.0,99.0,4.0,344.0,2.0,46.0,14.0
411,GM1945,2016JJ00,80.0,25.0,138.0,1.0,1.0,3.0,52.0,12.0,89.0,110.0,21.0,37.0,29.0,3.0,2.0,77.0,9.0,114.0,2.0,6.0,10.0
412,GM1948,2016JJ00,0.0,0.0,0.0,0.0,0.0,0.0,0.0,0.0,0.0,0.0,0.0,0.0,0.0,0.0,0.0,0.0,0.0,0.0,0.0,0.0,0.0
413,GM1955,2016JJ00,69.0,25.0,115.0,1.0,0.0,6.0,52.0,8.0,113.0,107.0,30.0,37.0,59.0,14.0,2.0,61.0,2.0,184.0,4.0,10.0,14.0
414,GM1987,2016JJ00,15.0,5.0,42.0,0.0,0.0,0.0,19.0,3.0,17.0,7.0,0.0,10.0,7.0,6.0,0.0,22.0,1.0,70.0,0.0,0.0,6.0
